{
  "TATA": [
    "Ace",
    "Altroz",
    "Aria",
    "Bolt",
    "Harrier",
    "HEXA",
    "Indica",
    "indica ev2",
    "indica v2",
    "Indica Vista",
    "Indigo",
    "indigo cs",
    "indigo ecs",
    "Indigo Manza",
    "indigo xl",
    "manza",
    "Nano",
    "nano genx",
    "Nexon",
    "NEXON EV",
    "Punch",
    "Safari",
    "safari storme",
    "Sumo",
    "sumo gold",
    "sumo grande",
    "sumo grande mk ii",
    "sumo spacio",
    "super",
    "super ACE",
    "Tiago",
    "Tigor",
    "Winger",
    "Xenon",
    "Xpres-T",
    "Zest"
  ],
  "DAEWOO": ["cielo", "Matiz", "nexia"],
  "BMW": [
    "1-Series",
    "220d Sportline",
    "220i sport",
    "3 Series GT",
    "320",
    "320D",
    "330i",
    "340i",
    "5-Series",
    "520d",
    "530d",
    "530i",
    "7-Series",
    "720d",
    "Mini Cooper",
    "X1",
    "x3",
    "X4 20d",
    "X4 30d",
    "x5",
    "X7"
  ],
  "SUZUKI": [
    "800",
    "a-star",
    "Alto",
    "Alto 800",
    "Alto K10",
    "Baleno",
    "Breeza",
    "Celerio",
    "Ciaz",
    "Eeco",
    "Ertiga",
    "esteem",
    "estilo",
    "grand vitara",
    "gypsy",
    "Gypsy 4WD",
    "Ignis",
    "Kizashi",
    "Maruti 800",
    "Omni",
    "Ritz",
    "S-Cross",
    "S-Presso",
    "Swift",
    "Swift Dzire",
    "Sx4",
    "versa",
    "WagonR",
    "XL6",
    "Zen",
    "Zen Estilo"
  ],
  "AUDI": ["A3", "A4", "A6", "A8", "Q3", "Q5", "Q7"],
  "HYUNDAI": [
    "Accent",
    "Accent Viva",
    "ALCAZAR",
    "Aura",
    "Creta",
    "Elantra",
    "Elite i20",
    "Eon",
    "Getz",
    "Getz Prime",
    "I10",
    "I10 Grand",
    "I10 NIOS",
    "I20",
    "I20 Active",
    "Nios",
    "Santafe",
    "Santro",
    "Santro Xing",
    "Sonata",
    "Sonata Embra",
    "Sonata Transform",
    "Terracan",
    "Tucssion",
    "Venue",
    "Verna",
    "Verna Fluidic",
    "Verna Transform",
    "Xcent"
  ],
  "SKODDA": [
    "Fabia",
    "KODIAQ",
    "Kushaq",
    "Laura",
    "Octavia",
    "Rapid",
    "Slavia",
    "Superb",
    "Yeti"
  ],
  "TOYOTA": [
    "Cammry",
    "Corolla",
    "Corolla Altis",
    "Etios",
    "etios cross",
    "Etios Liva",
    "Fortuner",
    "Glanza",
    "Innova",
    "land cruiser",
    "land cruiser prado",
    "Qualis",
    "Urban Cruiser",
    "Urban Cruiser Hyryder",
    "Yaris"
  ],
  "CHEVROLET": [
    "Aveo",
    "Beat",
    "Captiva",
    "Cruze",
    "Enjoy",
    "Optra",
    "optra magnum",
    "optra srv",
    "Sail",
    "sail hatchback",
    "Spark",
    "Tavera",
    "Uva"
  ],
  "FIAT": [
    "adventure",
    "avventura",
    "Grande Punto",
    "Linea",
    "linea classic",
    "Palio",
    "palio d",
    "palio nv",
    "palio stile",
    "petra",
    "Punto",
    "Punto avventura",
    "Punto Evo",
    "uno",
    "Urban Cross"
  ],
  "MAHINDRA": [
    "Alturas G4",
    "Bolero",
    "BOLERO PIK-UP",
    "E2O",
    "KUV100",
    "Logan",
    "Marazzo",
    "Maximo",
    "nuvosport",
    "quanto",
    "Reva",
    "Scorpio",
    "scorpio getaway",
    "Supro",
    "Thar",
    "TUV300",
    "Verito",
    "verito vibe cs",
    "XUV 300",
    "XUV 500",
    "XUV700",
    "Xylo"
  ],
  "FORD": [
    "Aspire",
    "Ecosport",
    "Endeavour",
    "Fiesta Clasic",
    "Fiesta Diesel",
    "Fiesta Petrol",
    "Figo",
    "figo aspire",
    "FreeStyle",
    "Fusion",
    "Ikon"
  ],
  "NISSAN": [
    "370Z",
    "Captur-",
    "Datsun Go",
    "evalia",
    "G-o",
    "G-o Plus",
    "Kicks",
    "Magnite",
    "Micra",
    "micra active",
    "Sunny",
    "Teeana",
    "Terrano",
    "X-Trail"
  ],
  "HONDA": [
    "Accord",
    "Amaze",
    "Brio",
    "BRV",
    "City",
    "city ivtec",
    "city zx",
    "civic",
    "CR-V",
    "Jazz",
    "Mobilio",
    "WRV"
  ],
  "ISUZU": ["D-MAX", "MU-X"],
  "VOLVO": ["S60", "S80", "S90", "V40 D3", "XC40", "XC90"],
  "SSANGYONG": ["Rexton RX270"],
  "JAGUAR": ["Jaguar", "XE", "XF"],
  "FORCE-MOTORS": ["Gurkha"],
  "VOLKSWAGEN": [
    "Ameo",
    "Beetle",
    "Betel",
    "Cross Polo",
    "Jetta",
    "Passat",
    "Polo",
    "Polo GT",
    "T-Roc",
    "Taigun",
    "Tiguan",
    "Vento",
    "Virtus"
  ],
  "KIA": ["Carens", "Carnival", "Seltos", "Sonet"],
  "LANA-ROVER": [
    "Discovery",
    "Discovery Sport",
    "Range Rover",
    "Range Rover Evoque",
    "Range Rover Sport"
  ],
  "MG": ["Astor", "Comet", "GLOSTER", "Hector", "Hector Plus"],
  "RENAULT": [
    "Captur",
    "Duster",
    "Fluence",
    "Kiger",
    "Koleos",
    "Kwid",
    "Lodgy",
    "Pulse",
    "Scala",
    "Triber"
  ],
  "DASTUN": ["Datsun Go Plus", "Datsun RediGo", "Go"],
  "FERARI": ["Cayenne"],
  "JEEP": ["Jeep Compass", "MERIDIAN"],
  "BENZ": [
    "A-CLASS",
    "A180",
    "A200 D",
    "AMG GLA",
    "AMG GT",
    "B-Class",
    "C-Class",
    "C220",
    "CLA 200",
    "CLS",
    "E-Class",
    "E220 D",
    "E250",
    "G-Class",
    "GLA 200",
    "GLA-Class",
    "GLC-Class",
    "GLE 350D",
    "GLE-Class",
    "GLS",
    "M-Class",
    "ML 250 CDI",
    "S-Class"
  ]
}
